,Day,Open,High,Low,Close,Volume
0,2013-01-02,35.0,35.45,34.7,35.36,1194710
1,2013-01-03,35.18,35.45,34.75,34.77,741941
2,2013-01-04,34.8,34.8,33.92,34.4,673993
3,2013-01-07,34.8,34.8,33.9,34.34,441909
4,2013-01-08,34.5,34.5,33.11,33.68,1283985
5,2013-01-09,34.01,34.19,33.4,33.64,697979
6,2013-01-10,33.87,33.99,33.38,33.53,922405
7,2013-01-11,34.04,34.04,32.11,32.91,1563274
8,2013-01-14,33.08,33.38,32.85,33.26,925018
9,2013-01-15,33.11,34.25,33.08,33.9,1624389
10,2013-01-16,33.85,34.23,33.73,34.1,1378138
11,2013-01-17,34.16,34.85,33.92,34.38,1436604
12,2013-01-18,34.74,34.78,33.82,34.52,3555074
13,2013-01-22,34.56,35.55,34.26,35.19,1920131
14,2013-01-23,35.02,36.24,34.96,36.0,1564206
15,2013-01-24,36.0,37.72,35.84,36.99,1970389
16,2013-01-25,37.0,37.54,36.8,36.98,1287703
17,2013-01-28,36.86,38.71,36.86,38.03,1985992
18,2013-01-29,38.1,38.44,37.13,37.95,1426503
19,2013-01-30,37.85,38.0,37.43,37.52,968098
20,2013-01-31,37.87,37.87,36.93,37.51,901318
21,2013-02-01,38.17,38.5,37.62,38.3,1100590
22,2013-02-04,38.4,38.42,37.59,37.74,1127989
23,2013-02-05,38.0,38.65,37.68,38.13,1310192
24,2013-02-06,38.18,39.39,37.9,39.17,1893148
25,2013-02-07,39.19,39.68,38.95,39.48,1197521
26,2013-02-08,39.45,40.0,39.14,39.24,1139733
27,2013-02-11,37.98,39.15,37.5,38.42,3266248
28,2013-02-12,38.45,38.87,37.29,37.89,2261246
29,2013-02-13,38.3,39.0,38.05,38.45,967102
30,2013-02-14,38.64,38.75,38.21,38.3,990640
31,2013-02-15,38.5,38.51,36.95,37.04,2018269
32,2013-02-19,37.36,39.29,37.31,39.28,2701340
33,2013-02-20,39.3,39.65,38.46,38.54,3121910
34,2013-02-21,36.49,37.39,34.54,35.16,9038212
35,2013-02-22,35.72,36.39,35.6,36.11,2547831
36,2013-02-25,36.15,36.75,34.34,34.38,2890772
37,2013-02-26,34.46,34.96,33.8,34.43,2763050
38,2013-02-27,34.41,35.41,34.4,35.1,1959129
39,2013-02-28,35.89,36.1,34.37,34.83,1964893
40,2013-03-01,35.0,35.08,34.25,34.65,1546600
41,2013-03-04,34.77,35.83,34.7,35.58,1757660
42,2013-03-05,36.0,36.92,35.79,36.65,2086969
43,2013-03-06,37.01,37.88,36.97,37.69,1149925
44,2013-03-07,37.73,38.65,36.88,38.23,1158354
45,2013-03-08,38.06,39.44,37.36,38.47,912052
46,2013-03-11,38.87,39.44,38.65,39.1,1579440
47,2013-03-12,38.9,39.38,38.85,39.12,1275062
48,2013-03-13,39.0,39.49,38.81,38.98,821986
49,2013-03-14,38.9,38.91,36.77,36.85,2024459
50,2013-03-15,36.64,36.65,35.21,35.29,3279777
51,2013-03-18,35.3,36.06,34.92,35.15,1316336
52,2013-03-19,35.25,35.6,34.94,35.08,1098475
53,2013-03-20,35.26,36.07,35.16,35.95,1423684
54,2013-03-21,35.95,37.06,35.74,36.01,1146287
55,2013-03-22,36.2,36.8,36.2,36.62,446235
56,2013-03-25,37.1,38.52,36.77,37.53,2379354
57,2013-03-26,37.98,38.22,37.66,37.86,1808137
58,2013-03-27,37.94,38.38,37.31,38.16,1296283
59,2013-03-28,38.23,38.24,37.75,37.89,1158652
60,2013-04-01,42.36,46.68,41.7,43.93,14105873
61,2013-04-02,43.6,45.5,43.51,44.34,6652374
62,2013-04-03,43.1,43.47,40.21,41.1,5644995
63,2013-04-04,41.11,42.25,40.81,42.01,2264867
64,2013-04-05,42.0,42.0,40.5,41.37,1552389
65,2013-04-08,41.97,42.55,41.51,41.83,1679001
66,2013-04-09,41.8,41.83,40.33,40.5,1696036
67,2013-04-10,40.7,42.01,40.61,41.86,2121088
68,2013-04-11,42.06,44.55,41.75,43.59,3448081
69,2013-04-12,43.25,45.14,43.05,43.75,3149372
70,2013-04-15,43.5,43.8,42.51,43.3,1685984
71,2013-04-16,44.19,46.14,43.91,45.59,3180438
72,2013-04-17,45.5,45.95,44.54,45.45,2118428
73,2013-04-18,45.98,47.6,45.39,46.97,3368700
74,2013-04-19,47.46,49.88,47.07,47.83,3012136
75,2013-04-22,48.6,50.2,47.75,50.19,3939327
76,2013-04-23,51.0,52.92,50.66,51.01,3737550
77,2013-04-24,50.9,51.05,48.98,50.43,2630108
78,2013-04-25,50.5,52.4,50.5,52.0,2796207
79,2013-04-26,53.13,53.74,50.62,51.2,3622430
80,2013-04-29,51.76,54.99,51.2,54.94,3642206
81,2013-04-30,56.0,58.18,53.76,53.99,5523948
82,2013-05-01,55.99,55.99,53.0,53.28,2742778
83,2013-05-02,53.85,55.27,53.7,54.11,3052333
84,2013-05-03,56.47,56.47,54.5,54.55,3379403
85,2013-05-06,56.39,59.66,55.5,59.5,4372799
86,2013-05-07,62.0,62.37,55.12,55.51,9994549
87,2013-05-08,57.5,58.2,55.71,55.79,6769859
88,2013-05-09,70.12,75.77,63.69,69.4,28604970
89,2013-05-10,69.65,81.0,69.25,76.76,25086430
90,2013-05-13,80.99,88.0,79.15,87.8,22416815
91,2013-05-14,94.22,97.12,81.15,83.24,37163898
92,2013-05-15,81.8,86.88,78.11,84.84,16878700
93,2013-05-16,94.7,95.0,88.66,92.25,21614002
94,2013-05-17,92.5,94.44,87.5,91.5,19008450
95,2013-05-20,91.12,92.5,88.63,89.94,8348331
96,2013-05-21,88.5,89.99,85.28,87.59,9001763
97,2013-05-22,86.37,90.96,85.5,87.24,8573776
98,2013-05-23,84.8,93.01,83.05,92.73,12044257
99,2013-05-24,92.6,97.95,92.0,97.08,16124194
100,2013-05-28,101.55,110.75,100.3,110.33,19691824
101,2013-05-29,113.55,114.9,99.0,104.63,25099480
102,2013-05-30,102.46,109.54,101.2,104.95,16140554
103,2013-05-31,106.26,106.44,97.73,97.76,15171929
104,2013-06-03,93.51,97.62,88.25,92.59,19143475
105,2013-06-04,92.75,96.42,92.4,94.84,8856045
106,2013-06-05,93.66,97.97,89.11,95.37,12224731
107,2013-06-06,95.25,99.27,95.11,97.35,9514406
108,2013-06-07,98.0,102.9,96.7,102.04,10717217
109,2013-06-10,98.93,102.52,98.57,100.05,9234215
110,2013-06-11,98.18,98.68,94.05,94.47,7385845
111,2013-06-12,96.8,100.48,95.75,97.73,9197523
112,2013-06-13,99.0,99.28,95.12,98.18,5965124
113,2013-06-14,100.0,102.52,99.33,100.3,6554483
114,2013-06-17,103.6,104.75,101.2,102.2,7075640
115,2013-06-18,101.75,103.98,99.2,103.39,8803563
116,2013-06-19,102.06,106.67,102.01,104.68,8588734
117,2013-06-20,104.65,107.13,99.45,100.65,10111221
118,2013-06-21,103.7,103.7,97.5,99.55,11714123
119,2013-06-24,96.5,102.87,95.3,101.49,7127020
120,2013-06-25,103.1,104.2,100.55,102.4,5850832
121,2013-06-26,103.8,105.87,102.66,105.72,6610159
122,2013-06-27,106.75,110.25,106.13,109.25,8750826
123,2013-06-28,108.57,109.44,106.71,107.36,5750431
124,2013-07-01,109.36,117.77,109.15,117.18,10903601
125,2013-07-02,118.26,121.89,115.5,117.82,12070315
126,2013-07-03,118.0,119.25,114.27,115.24,4806662
127,2013-07-05,118.32,120.28,115.7,120.09,6827497
128,2013-07-08,121.37,122.18,118.82,121.61,7820816
129,2013-07-09,124.64,125.32,121.91,123.45,8603207
130,2013-07-10,123.19,123.25,120.79,122.27,5600012
131,2013-07-11,124.88,126.09,122.35,125.61,7486958
132,2013-07-12,125.5,129.94,124.51,129.9,11349186
133,2013-07-15,133.03,133.26,126.82,127.26,9924336
134,2013-07-16,126.28,126.32,107.3,109.05,32371868
135,2013-07-17,106.52,121.62,104.5,120.25,26028947
136,2013-07-18,120.97,122.73,116.18,119.03,11407358
137,2013-07-19,118.5,120.55,116.51,119.68,5891439
138,2013-07-22,119.89,126.68,119.88,122.43,9804810
139,2013-07-23,124.0,125.56,121.82,122.74,7740469
140,2013-07-24,124.47,124.5,119.56,121.7,6871372
141,2013-07-25,120.4,124.75,120.19,124.07,5287144
142,2013-07-26,128.14,130.68,126.61,129.39,9640703
143,2013-07-29,129.32,135.37,128.25,134.62,9686072
144,2013-07-30,134.8,137.49,128.18,131.74,13130267
145,2013-07-31,132.57,134.98,131.45,134.28,6351637
146,2013-08-01,135.0,136.52,132.63,135.55,5323599
147,2013-08-02,134.59,138.25,133.61,138.0,6269838
148,2013-08-05,140.01,144.89,139.65,144.68,10200629
149,2013-08-06,144.75,145.73,141.1,142.15,9261092
150,2013-08-07,141.89,141.95,132.36,134.23,18212138
151,2013-08-08,154.36,158.88,150.46,153.48,27246763
152,2013-08-09,152.4,155.95,151.25,153.0,8936029
153,2013-08-12,149.43,150.5,142.05,147.38,14912175
154,2013-08-13,149.5,149.84,144.45,145.43,8748863
155,2013-08-14,142.72,144.84,138.05,139.36,11693743
156,2013-08-15,136.43,143.6,135.0,139.67,10188877
157,2013-08-16,141.63,143.91,140.97,142.0,7108086
158,2013-08-19,143.43,147.38,142.83,144.9,8037640
159,2013-08-20,148.65,149.78,147.0,149.58,6418108
160,2013-08-21,150.0,150.31,146.25,147.86,6266262
161,2013-08-22,149.22,157.48,148.14,157.1,10592391
162,2013-08-23,157.0,162.3,155.0,161.84,12931842
163,2013-08-26,165.15,173.0,160.25,164.22,24171096
164,2013-08-27,162.3,168.8,160.95,167.01,17566816
165,2013-08-28,169.06,171.5,163.25,166.45,14740006
166,2013-08-29,164.22,167.75,162.51,166.06,9445720
167,2013-08-30,166.37,169.21,163.96,169.0,11028358
168,2013-09-03,173.4,173.7,166.4,168.94,12061100
169,2013-09-04,169.77,171.62,165.56,170.62,11475647
170,2013-09-05,170.1,171.5,168.25,169.93,6693202
171,2013-09-06,168.57,169.7,165.15,166.97,8619630
172,2013-09-09,163.12,164.5,158.51,160.7,14344473
173,2013-09-10,161.45,167.5,160.63,166.37,8967786
174,2013-09-11,166.41,167.9,162.13,163.52,5811072
175,2013-09-12,164.0,166.76,160.51,164.93,6159993
176,2013-09-13,162.77,166.37,162.16,165.54,5409888
177,2013-09-16,168.0,170.85,165.85,166.58,7592598
178,2013-09-17,165.08,168.42,163.36,166.23,5500719
179,2013-09-18,167.07,167.45,164.2,166.22,5439615
180,2013-09-19,170.8,180.47,169.08,177.92,15594568
181,2013-09-20,178.9,185.83,178.56,183.39,13401689
182,2013-09-23,184.48,185.48,177.11,181.11,8191841
183,2013-09-24,179.14,184.96,177.65,182.33,6282431
184,2013-09-25,183.56,186.3,180.5,185.24,8252621
185,2013-09-26,186.7,189.68,185.61,188.64,6621592
186,2013-09-27,187.52,191.28,186.43,190.9,5923881
187,2013-09-30,189.0,194.5,188.0,193.37,8934541
188,2013-10-01,193.96,194.23,188.37,193.0,7761429
189,2013-10-02,188.59,191.83,175.4,180.95,20775410
190,2013-10-03,175.04,179.69,168.0,173.31,23816504
191,2013-10-04,176.4,181.18,172.65,180.98,14413965
192,2013-10-07,182.46,186.73,180.26,183.07,11485579
193,2013-10-08,184.4,185.93,173.21,174.73,13757218
194,2013-10-09,174.73,174.99,161.5,168.78,15316481
195,2013-10-10,173.09,175.75,169.69,172.93,8883910
196,2013-10-11,172.75,179.29,171.2,178.7,8311086
197,2013-10-14,175.0,182.5,174.15,179.72,7769630
198,2013-10-15,185.28,188.79,183.18,183.94,10978536
199,2013-10-16,184.9,187.3,182.09,183.56,8205367
200,2013-10-17,183.54,184.8,180.99,182.8,6704968
201,2013-10-18,184.15,185.96,182.52,183.4,5930815
202,2013-10-21,183.28,183.39,171.0,172.6,11532131
203,2013-10-22,170.5,177.78,166.11,171.54,11394675
204,2013-10-23,168.91,171.81,160.15,164.5,13327739
205,2013-10-24,165.0,174.5,162.83,173.15,10825667
206,2013-10-25,174.21,174.5,166.8,169.66,7595458
207,2013-10-28,170.18,170.5,162.2,162.86,7841727
208,2013-10-29,162.76,165.45,153.0,164.47,14111737
209,2013-10-30,164.63,167.68,158.17,159.22,8401756
210,2013-10-31,155.67,162.44,153.3,159.94,9340455
211,2013-11-01,163.0,165.9,160.41,162.17,7180583
212,2013-11-04,165.0,175.39,164.22,175.2,13120374
213,2013-11-05,180.0,181.43,171.36,176.81,22467101
214,2013-11-06,154.81,160.73,146.36,151.16,31071726
215,2013-11-07,144.19,145.65,137.62,139.77,22284744
216,2013-11-08,136.48,140.6,132.32,137.95,22477861
217,2013-11-11,141.0,145.42,137.1,144.7,13997591
218,2013-11-12,144.69,144.7,136.18,137.8,14985162
219,2013-11-13,140.84,142.37,136.34,138.7,12658272
220,2013-11-14,138.92,140.4,134.11,137.6,12203700
221,2013-11-15,136.85,137.95,134.35,135.45,9900176
222,2013-11-18,135.27,135.45,119.61,121.58,23138242
223,2013-11-19,119.43,129.0,119.22,126.09,19816154
224,2013-11-20,126.08,127.45,119.06,121.11,13849554
225,2013-11-21,122.89,124.79,120.25,122.1,11903803
226,2013-11-22,121.58,122.75,117.93,121.38,11104146
227,2013-11-25,124.5,125.84,120.3,120.84,10275348
228,2013-11-26,119.38,122.72,116.1,120.5,13885522
229,2013-11-27,121.31,126.95,119.52,126.94,12367634
230,2013-11-29,129.77,130.59,126.98,127.28,9716219
231,2013-12-02,126.35,128.55,123.93,124.17,7751211
232,2013-12-03,132.68,144.94,131.59,144.7,25682404
233,2013-12-04,144.32,144.43,137.13,138.95,13147688
234,2013-12-05,140.15,143.35,139.5,140.48,9288415
235,2013-12-06,141.51,142.49,136.3,137.36,7909596
236,2013-12-09,137.01,141.7,134.21,141.6,9061485
237,2013-12-10,139.96,145.87,139.86,142.19,10748234
238,2013-12-11,141.89,143.05,139.49,139.65,7137842
239,2013-12-12,139.81,148.24,138.53,147.47,10767791
240,2013-12-13,148.37,151.8,147.32,147.65,10599775
241,2013-12-16,148.57,150.43,146.1,147.94,6675276
242,2013-12-17,146.93,154.63,146.32,152.46,10494969
243,2013-12-18,152.28,154.9,145.95,147.98,11581897
244,2013-12-19,146.91,147.0,139.1,140.72,12758613
245,2013-12-20,141.88,144.35,141.58,143.24,7422537
246,2013-12-23,144.85,146.24,142.6,143.55,5385506
247,2013-12-24,150.0,154.97,149.82,151.41,9941485
248,2013-12-26,155.04,158.0,154.29,155.5,7129526
249,2013-12-27,155.3,155.5,150.8,151.12,5469064
250,2013-12-30,151.12,154.81,150.75,152.44,4472076
251,2013-12-31,152.32,153.2,148.66,150.43,4266710
252,2014-01-02,149.8,152.48,146.55,150.1,6195355
253,2014-01-03,150.0,152.19,148.6,149.56,4698839
254,2014-01-06,150.0,150.4,145.24,147.0,5367320
255,2014-01-07,147.62,150.4,145.25,149.36,5041806
256,2014-01-08,148.85,153.7,148.76,151.28,6166674
257,2014-01-09,152.5,153.43,146.85,147.53,5388905
258,2014-01-10,148.46,148.9,142.25,145.72,7450531
259,2014-01-13,145.78,147.0,137.82,139.34,6324647
260,2014-01-14,140.5,162.0,136.67,161.27,27935828
261,2014-01-15,168.45,172.23,162.1,164.13,20488981
262,2014-01-16,162.5,172.7,162.4,170.97,11982099
263,2014-01-17,170.19,173.2,167.95,170.01,9216028
264,2014-01-21,171.24,177.29,170.81,176.68,9745765
265,2014-01-22,177.81,180.32,174.76,178.56,7036758
266,2014-01-23,177.23,182.38,173.42,181.5,7899515
267,2014-01-24,177.85,180.48,173.53,174.6,7711296
268,2014-01-27,175.16,177.92,164.71,169.62,8737773
269,2014-01-28,171.5,178.98,171.0,178.38,6128237
270,2014-01-29,175.3,179.09,173.13,175.23,5956817
271,2014-01-30,178.0,184.78,177.01,182.84,8575210
272,2014-01-31,178.85,186.0,178.51,181.41,6512951
273,2014-02-03,182.89,184.88,175.16,177.11,6778609
274,2014-02-04,180.7,181.6,176.2,178.73,4690883
275,2014-02-05,178.3,180.59,169.36,174.42,7275952
276,2014-02-06,176.3,180.11,176.0,178.38,5847953
277,2014-02-07,181.01,186.63,179.6,186.53,8964054
278,2014-02-10,189.34,199.3,189.32,196.56,12989286
279,2014-02-11,198.97,202.2,192.7,196.62,10734472
280,2014-02-12,195.78,198.27,194.32,195.32,5181313
281,2014-02-13,193.34,202.72,193.25,199.63,8174049
282,2014-02-14,198.1,201.88,197.0,198.23,6173462
283,2014-02-18,205.24,206.0,201.36,203.7,9355871
284,2014-02-19,203.7,203.7,193.41,193.64,16419899
285,2014-02-20,215.01,215.21,206.27,209.97,18022262
286,2014-02-21,211.64,213.98,209.19,209.6,7828981
287,2014-02-24,208.76,218.36,208.32,217.65,8303133
288,2014-02-25,230.0,259.2,228.45,248.0,32797000
289,2014-02-26,258.58,265.0,247.5,253.0,24771194
290,2014-02-27,263.25,261.9,248.33,252.54,17970707
291,2014-02-28,249.65,252.68,242.55,244.81,14612693
292,2014-03-03,237.26,251.65,234.99,250.56,13109303
293,2014-03-04,258.48,260.0,252.83,254.84,8765392
294,2014-03-05,256.72,256.99,251.8,252.66,5946736
295,2014-03-06,254.14,257.5,249.45,252.94,7374719
296,2014-03-07,252.94,254.85,244.41,246.21,7818465
297,2014-03-10,242.7,243.0,236.06,238.84,7745751
298,2014-03-11,236.5,244.6,232.43,234.41,8836349
299,2014-03-12,231.5,247.5,231.11,241.49,9763911
300,2014-03-13,243.79,244.19,234.0,237.79,6236325
301,2014-03-14,235.29,236.94,228.32,230.97,8289733
302,2014-03-17,234.95,237.93,230.5,233.98,5912592
303,2014-03-18,236.95,241.5,235.02,240.04,6242349
304,2014-03-19,241.39,241.55,233.51,235.84,5071327
305,2014-03-20,236.16,239.25,233.36,234.91,3817905
306,2014-03-21,236.02,236.2,227.5,228.89,8227311
307,2014-03-24,229.75,229.9,210.27,220.17,11332947
308,2014-03-25,224.14,227.05,217.9,220.44,7865375
309,2014-03-26,221.95,222.6,211.35,212.96,6907306
310,2014-03-27,212.37,213.6,203.0,207.32,9505307
311,2014-03-28,212.8,216.72,210.27,212.37,9684761
312,2014-03-31,216.5,216.75,206.39,208.45,8380023
313,2014-04-01,209.02,218.16,208.58,216.97,7371422
314,2014-04-02,220.0,230.89,218.05,230.29,10782251
315,2014-04-03,230.3,235.73,222.0,225.4,10923734
316,2014-04-04,226.01,228.27,211.25,212.22,11345618
317,2014-04-07,205.81,216.2,203.51,207.52,9855478
318,2014-04-08,210.05,216.49,206.42,215.46,6889296
319,2014-04-09,216.76,218.45,210.89,216.93,5157923
320,2014-04-10,216.82,217.5,203.79,204.19,7211492
321,2014-04-11,200.61,207.0,198.6,203.78,9071300
322,2014-04-14,207.6,208.44,194.41,198.09,7703031
323,2014-04-15,199.09,199.29,184.32,193.91,13667071
324,2014-04-16,197.0,199.99,190.82,199.11,7205319
325,2014-04-17,199.61,202.29,194.08,198.12,5929506
326,2014-04-21,197.08,206.2,194.0,204.38,5266490
327,2014-04-22,206.36,219.33,205.01,218.64,9809333
328,2014-04-23,216.33,216.74,207.0,207.99,7295609
329,2014-04-24,210.81,212.8,203.2,207.86,5504768
330,2014-04-25,202.0,206.7,197.65,199.85,6996658
331,2014-04-28,200.0,203.79,190.5,198.51,7041983
332,2014-04-29,198.21,207.15,195.53,206.92,5787369
333,2014-04-30,203.6,208.16,201.28,207.89,4443453
334,2014-05-01,207.08,214.02,205.69,207.73,5444670
335,2014-05-02,208.6,211.36,206.52,210.91,4091394
336,2014-05-05,209.48,217.69,208.52,216.61,5152343
337,2014-05-06,216.6,218.66,206.85,207.28,5636725
338,2014-05-07,209.64,210.2,197.25,201.35,10179291
339,2014-05-08,182.0,194.4,178.0,178.59,20056591
340,2014-05-09,179.86,183.4,177.22,182.26,8495159
341,2014-05-12,183.87,187.19,179.88,184.67,7004330
342,2014-05-13,183.76,191.34,183.0,190.16,7097242
343,2014-05-14,188.95,193.48,187.1,190.62,5414945
344,2014-05-15,189.98,192.66,185.3,188.59,6046139
345,2014-05-16,188.95,192.04,187.72,191.56,4489312
346,2014-05-19,190.72,196.89,190.0,196.09,4571660
347,2014-05-20,196.94,199.33,193.07,195.3,5553877
348,2014-05-21,196.18,199.87,194.79,199.45,5290755
349,2014-05-22,200.35,206.88,199.56,204.88,6216255
350,2014-05-23,204.53,207.76,202.5,207.3,4010931
351,2014-05-27,208.52,213.87,207.7,211.56,5346788
352,2014-05-28,210.02,212.77,205.26,210.24,5496278
353,2014-05-29,210.57,212.49,207.72,210.24,3694596
354,2014-05-30,210.3,214.8,207.02,207.77,5586068
355,2014-06-02,207.33,209.35,201.67,204.7,4668115
356,2014-06-03,203.49,208.0,202.59,204.94,3866182
357,2014-06-04,204.35,206.26,200.4,203.99,3434502
358,2014-06-05,204.47,209.2,204.05,206.9,4059285
359,2014-06-06,209.75,210.81,207.18,208.17,3074900
360,2014-06-09,207.95,209.99,204.2,205.31,2813066
361,2014-06-10,204.43,206.97,201.55,202.3,3522336
362,2014-06-11,201.5,205.0,199.25,204.47,3980491
363,2014-06-12,205.1,209.88,202.71,203.52,5997144
364,2014-06-13,204.78,206.79,201.58,206.42,3546789
365,2014-06-16,206.76,225.49,206.26,224.61,13246352
366,2014-06-17,224.11,235.54,222.85,231.67,13304907
367,2014-06-18,231.5,231.71,226.12,227.12,6947053
368,2014-06-19,228.88,235.31,227.0,227.79,8801907
369,2014-06-20,228.52,231.29,226.2,229.59,4908077
370,2014-06-23,229.51,238.99,228.22,237.22,7800189
371,2014-06-24,238.97,241.88,231.63,232.5,8081109
372,2014-06-25,233.05,237.55,230.24,236.89,5803257
373,2014-06-26,237.17,240.4,234.21,235.6,5122972
374,2014-06-27,234.69,240.0,234.5,239.06,5638787
375,2014-06-30,239.55,244.49,239.0,240.06,4833602
376,2014-07-01,242.46,243.44,238.7,239.72,4341242
377,2014-07-02,240.66,242.33,227.07,229.42,8035072
378,2014-07-03,231.29,231.9,224.0,229.25,5166716
379,2014-07-07,227.5,229.78,220.4,222.66,5901080
380,2014-07-08,218.65,220.96,214.27,219.07,7846165
381,2014-07-09,221.27,224.22,219.21,223.06,4117729
382,2014-07-10,217.18,222.22,216.04,219.46,4865246
383,2014-07-11,220.61,221.6,217.6,218.13,3307113
384,2014-07-14,219.99,228.79,215.45,226.7,7208573
385,2014-07-15,226.73,227.65,218.1,219.58,5732031
386,2014-07-16,221.82,224.8,216.82,217.16,4051097
387,2014-07-17,216.16,220.55,213.6,215.4,4650956
388,2014-07-18,215.95,221.21,215.93,220.02,4260618
389,2014-07-21,217.25,223.21,216.72,220.54,3825251
390,2014-07-22,222.19,223.3,219.11,219.58,2732485
391,2014-07-23,220.01,224.75,219.43,222.49,3088731
392,2014-07-24,223.25,225.1,220.8,223.54,3248410
393,2014-07-25,222.72,226.97,221.75,223.57,3090383
394,2014-07-28,224.25,232.0,221.4,224.82,6517611
395,2014-07-29,226.61,228.3,224.86,225.01,3387187
396,2014-07-30,221.92,229.6,221.04,228.92,4927823
397,2014-07-31,229.26,231.4,221.5,223.3,7749058
398,2014-08-01,226.09,237.5,226.0,233.27,11898133
399,2014-08-04,234.38,240.5,233.27,238.52,5967406
400,2014-08-05,237.47,242.99,235.69,238.49,5388581
401,2014-08-06,238.9,251.42,238.58,248.93,9249265
402,2014-08-07,250.12,256.69,249.12,252.39,7478926
403,2014-08-08,251.16,251.76,246.5,248.13,5099061
404,2014-08-11,255.48,263.74,255.0,259.32,8101276
405,2014-08-12,258.08,260.3,254.58,259.96,6390412
406,2014-08-13,262.01,265.64,259.61,260.31,6932628
407,2014-08-14,262.49,263.0,258.54,261.38,4126634
408,2014-08-15,261.48,262.09,258.5,262.01,3867874
409,2014-08-18,263.25,267.26,259.75,259.94,5849231
410,2014-08-19,258.87,259.33,251.62,256.76,5340136
411,2014-08-20,254.67,258.74,253.0,255.71,3027863
412,2014-08-21,256.52,258.8,253.26,254.34,2919241
413,2014-08-22,254.54,256.95,252.61,256.78,2836959
414,2014-08-25,258.19,263.68,258.19,262.55,4318053
415,2014-08-26,264.98,265.5,261.66,261.74,3822572
416,2014-08-27,263.5,264.24,260.29,263.25,2990532
417,2014-08-28,261.89,264.48,261.64,263.86,2854737
418,2014-08-29,268.7,272.0,267.51,269.7,6453958
419,2014-09-02,275.5,284.89,274.3,284.12,9852351
420,2014-09-03,287.67,288.0,280.1,281.19,6779735
421,2014-09-04,284.01,291.42,280.4,286.04,8341749
422,2014-09-05,282.55,282.9,272.51,277.39,11176167
423,2014-09-08,277.62,284.88,277.52,282.11,5505040
424,2014-09-09,282.99,285.49,277.0,278.48,4567958
425,2014-09-10,279.5,281.41,273.66,281.1,3785988
426,2014-09-11,280.46,284.79,278.63,280.31,3768584
427,2014-09-12,280.5,282.39,277.0,279.2,3328302
428,2014-09-15,274.37,274.4,249.13,253.86,16464952
429,2014-09-16,255.15,262.46,252.42,260.74,8303972
430,2014-09-17,262.41,264.7,259.5,261.38,5179923
431,2014-09-18,263.36,265.6,262.32,263.82,3699314
432,2014-09-19,257.99,261.43,255.27,259.32,6811714
433,2014-09-22,255.0,256.02,244.71,250.03,8222963
434,2014-09-23,245.22,253.8,245.0,250.41,5660048
435,2014-09-24,251.12,252.84,247.04,252.14,3754376
436,2014-09-25,252.52,254.96,246.1,246.95,4843712
437,2014-09-26,248.25,249.73,246.07,246.6,3798841
438,2014-09-29,244.0,248.64,241.38,245.26,4854687
439,2014-09-30,246.92,247.65,240.12,242.68,4248127
440,2014-10-01,242.2,242.66,235.65,240.24,5946510
441,2014-10-02,250.2,252.79,245.36,251.42,9002001
442,2014-10-03,253.06,256.5,251.03,255.21,5408665
443,2014-10-06,259.13,262.49,257.8,260.62,7719055
444,2014-10-07,258.53,261.46,255.73,259.57,4491569
445,2014-10-08,260.1,262.88,252.64,259.28,5062615
446,2014-10-09,262.25,265.54,254.4,257.01,7361316
447,2014-10-10,244.64,245.89,235.2,236.91,12898275
448,2014-10-13,238.57,238.96,221.0,224.59,11276552
449,2014-10-14,228.25,232.47,223.0,227.06,7112339
450,2014-10-15,220.0,230.99,217.32,229.7,9151648
451,2014-10-16,219.72,229.92,219.1,226.35,5404565
452,2014-10-17,233.38,234.77,226.55,227.48,10551850
453,2014-10-20,226.72,232.4,225.51,230.47,3499686
454,2014-10-21,234.27,235.39,230.8,235.34,4130345
455,2014-10-22,233.19,237.39,230.56,231.1,4123397
456,2014-10-23,234.66,236.28,232.0,235.29,3499882
457,2014-10-24,236.27,237.8,231.2,235.24,3466927
458,2014-10-27,234.25,234.61,220.31,221.67,9553348
459,2014-10-28,229.6,244.6,228.25,242.77,10516297
460,2014-10-29,241.13,241.5,235.64,238.1,4967640
461,2014-10-30,238.14,240.5,235.06,238.66,3228371
462,2014-10-31,242.51,243.12,238.75,241.7,3775327
463,2014-11-03,243.0,247.56,241.32,242.59,4207268
464,2014-11-04,240.49,242.35,236.53,238.93,3682572
465,2014-11-05,241.0,241.36,230.53,230.97,9045925
466,2014-11-06,234.49,246.69,228.5,241.22,15354717
467,2014-11-07,242.19,242.84,237.2,240.2,5161023
468,2014-11-10,239.11,242.88,236.8,241.93,4577208
469,2014-11-11,242.55,251.82,242.0,251.08,7952565
470,2014-11-12,249.72,252.34,245.58,249.1,5870818
471,2014-11-13,250.62,255.75,250.25,251.7,6236036
472,2014-11-14,250.0,258.85,248.5,258.68,6101145
473,2014-11-17,257.49,259.0,252.02,253.98,4025695
474,2014-11-18,255.86,259.99,255.51,257.7,4474294
475,2014-11-19,250.61,251.88,245.6,247.74,7918486
476,2014-11-20,247.95,250.93,246.0,248.71,3587220
477,2014-11-21,252.21,252.78,242.17,242.78,7485059
478,2014-11-24,245.2,247.6,240.64,246.72,4789708
479,2014-11-25,247.35,249.72,246.09,248.09,3159804
480,2014-11-26,248.34,249.0,246.6,248.44,1981819
481,2014-11-28,245.35,246.69,242.52,244.52,2119688
482,2014-12-01,241.16,242.47,229.01,231.64,8619351
483,2014-12-02,234.57,234.88,228.0,231.43,5887046
484,2014-12-03,226.25,229.72,225.5,229.3,5307733
485,2014-12-04,228.6,230.9,227.81,228.28,3879208
486,2014-12-05,228.67,229.39,222.26,223.71,6063619
487,2014-12-08,221.54,224.86,212.34,214.36,9225619
488,2014-12-09,209.34,217.73,204.27,216.89,9431502
489,2014-12-10,214.13,216.77,207.7,209.84,7314139
490,2014-12-11,210.53,215.43,208.23,208.88,6694398
491,2014-12-12,204.82,211.68,204.5,207.0,7173782
492,2014-12-15,209.29,209.8,202.67,204.04,5218252
493,2014-12-16,200.89,203.68,195.37,197.81,8426105
494,2014-12-17,193.06,206.65,192.65,205.82,7367834
495,2014-12-18,212.38,218.44,211.8,218.26,7483349
496,2014-12-19,220.19,220.4,214.5,219.29,6910461
497,2014-12-22,220.0,224.06,218.26,222.6,4806917
498,2014-12-23,223.81,224.32,219.52,220.97,4513321
499,2014-12-24,219.77,222.5,219.25,222.26,1333518
500,2014-12-26,221.51,228.5,221.5,227.82,3327016
501,2014-12-29,226.9,227.91,224.02,225.71,2811828
502,2014-12-30,223.99,225.65,221.4,222.23,2903242
503,2014-12-31,223.09,225.68,222.25,222.41,2402097
504,2015-01-02,222.87,223.25,213.26,219.31,4764443
505,2015-01-05,214.55,216.5,207.16,210.09,5368477
506,2015-01-06,210.06,214.2,204.21,211.28,6261936
507,2015-01-07,213.35,214.78,209.78,210.95,2968390
508,2015-01-08,212.81,213.8,210.01,210.62,3442509
509,2015-01-09,208.92,209.98,204.96,206.66,4668295
510,2015-01-12,203.05,204.47,199.25,202.21,5950280
511,2015-01-13,203.32,207.61,200.91,204.25,4477320
512,2015-01-14,185.83,195.2,185.0,192.69,11551855
513,2015-01-15,194.49,195.75,190.0,191.87,5216524
514,2015-01-16,190.7,194.49,189.65,193.07,3603158
515,2015-01-20,193.87,194.12,187.04,191.93,4503182
516,2015-01-21,189.55,198.68,189.51,196.57,4153043
517,2015-01-22,197.0,203.24,195.2,201.62,4116905
518,2015-01-23,200.29,203.5,198.33,201.29,3442371
519,2015-01-26,201.83,208.62,201.05,206.55,3234522
520,2015-01-27,204.42,208.03,203.3,205.98,2781024
521,2015-01-28,206.11,206.37,198.42,199.37,3149606
522,2015-01-29,201.07,205.98,196.5,205.2,3548106
523,2015-01-30,203.96,207.47,203.0,203.6,3006959
524,2015-02-02,203.97,211.95,203.3,210.94,4149186
525,2015-02-03,213.22,220.37,211.27,218.36,4826244
526,2015-02-04,218.29,221.48,216.8,218.55,3305377
527,2015-02-05,219.88,225.48,219.64,220.99,3522947
528,2015-02-06,222.0,223.4,216.5,217.36,3243931
529,2015-02-09,215.38,217.93,211.99,217.48,3472423
530,2015-02-10,217.55,220.5,215.0,216.29,5390542
531,2015-02-11,212.21,214.74,207.28,212.8,9769102
532,2015-02-12,193.57,203.09,193.28,202.88,15649607
533,2015-02-13,202.9,205.99,200.91,203.77,6191003
534,2015-02-17,205.7,205.7,201.5,204.35,3979647
535,2015-02-18,204.17,206.17,202.6,204.46,2713598
536,2015-02-19,205.0,212.44,203.75,211.7,5154148
537,2015-02-20,210.78,217.6,209.81,217.11,5982089
538,2015-02-23,215.66,218.2,206.33,207.34,8499775
539,2015-02-24,207.29,207.29,201.7,204.11,6603560
540,2015-02-25,204.94,207.14,202.58,203.76,3909520
541,2015-02-26,204.0,211.09,202.22,207.19,6472855
542,2015-02-27,206.9,208.55,202.8,203.34,3882084
543,2015-03-02,202.7,203.34,195.82,197.32,7922065
544,2015-03-03,196.81,200.24,195.32,199.56,4432329
545,2015-03-04,199.25,202.52,197.21,202.44,4221962
546,2015-03-05,202.85,206.19,200.15,200.63,4877015
547,2015-03-06,199.21,200.75,192.15,193.88,6712438
548,2015-03-09,194.39,194.49,188.25,190.88,6736724
549,2015-03-10,188.46,193.5,187.6,190.32,5579691
550,2015-03-11,191.15,196.18,191.01,193.74,4974871
551,2015-03-12,193.75,194.45,189.75,191.07,4149294
552,2015-03-13,188.95,191.75,187.32,188.68,5434298
553,2015-03-16,192.0,195.91,189.8,195.7,5628783
554,2015-03-17,195.43,198.71,193.94,194.73,4894052
555,2015-03-18,194.96,200.88,193.11,200.71,4820936
556,2015-03-19,202.0,204.59,194.53,195.65,8475244
557,2015-03-20,197.45,198.99,195.62,198.08,4269467
558,2015-03-23,198.5,200.5,197.47,199.63,2631626
559,2015-03-24,201.58,203.79,199.75,201.72,3649860
560,2015-03-25,198.27,198.59,192.7,194.3,5730389
561,2015-03-26,193.92,194.79,189.7,190.4,4127956
562,2015-03-27,189.07,189.29,181.4,185.0,8604947
563,2015-03-30,185.85,192.25,181.8,190.57,10089516
564,2015-03-31,193.53,193.76,188.41,188.77,5026569
565,2015-04-01,188.7,192.3,186.05,187.59,3794621
566,2015-04-02,190.23,193.23,190.0,191.0,5010368
567,2015-04-06,198.0,207.75,197.5,203.1,12455811
568,2015-04-07,202.51,205.06,201.14,203.25,4347864
569,2015-04-08,208.2,210.9,205.87,207.67,6303117
570,2015-04-09,208.43,210.37,206.12,210.09,3800225
571,2015-04-10,209.85,211.65,209.0,210.9,4067676
572,2015-04-13,210.44,213.0,209.05,209.78,3758230
573,2015-04-14,208.57,209.49,205.5,207.46,3025963
574,2015-04-15,207.46,209.59,206.6,207.83,1952378
575,2015-04-16,207.7,209.17,206.29,206.7,1659059
576,2015-04-17,204.99,206.88,203.5,206.79,2469926
577,2015-04-20,206.78,207.85,203.85,205.27,2559251
578,2015-04-21,205.8,210.75,204.31,209.41,3432541
579,2015-04-22,212.5,221.88,211.69,219.44,7863037
580,2015-04-23,218.27,221.48,217.15,218.6,4411184
581,2015-04-24,220.5,220.8,218.01,218.42,2427843
582,2015-04-27,222.56,238.75,222.0,231.55,11672627
583,2015-04-28,234.75,235.5,228.03,230.48,6085379
584,2015-04-29,230.05,234.97,227.63,232.45,3936077
585,2015-04-30,230.39,232.89,225.17,226.05,3911857
586,2015-05-01,229.94,231.77,220.4,226.03,5281689
587,2015-05-04,228.18,234.73,227.11,230.51,4434596
588,2015-05-05,237.76,239.5,229.13,232.95,5796873
589,2015-05-06,234.1,234.47,228.2,230.43,5270933
590,2015-05-07,221.0,237.48,220.25,236.8,9455909
591,2015-05-08,235.99,238.41,233.7,236.61,4668236
592,2015-05-11,236.29,242.88,235.31,239.49,5672262
593,2015-05-12,240.11,246.35,238.19,244.74,6363429
594,2015-05-13,247.61,248.3,242.25,243.18,5440165
595,2015-05-14,244.82,244.89,241.25,244.1,2895936
596,2015-05-15,243.93,249.4,242.5,248.84,4527563
597,2015-05-18,247.0,249.9,246.0,248.75,3353212
598,2015-05-19,248.43,251.0,246.15,247.14,3674231
599,2015-05-20,247.13,247.74,241.37,244.35,3755569
600,2015-05-21,243.03,246.62,242.36,245.62,1970643
601,2015-05-22,245.38,248.6,245.01,247.73,2223089
602,2015-05-26,247.68,252.0,246.5,247.46,3498682
603,2015-05-27,248.51,249.5,245.55,247.43,3408200
604,2015-05-28,247.03,251.8,245.05,251.45,3647283
605,2015-05-29,251.0,252.87,249.43,250.8,3789283
606,2015-06-01,251.41,251.6,247.47,249.45,2505057
607,2015-06-02,248.92,249.4,246.3,248.35,2134809
608,2015-06-03,248.2,250.72,247.01,248.99,1781505
609,2015-06-04,247.5,249.3,245.71,245.92,2453615
610,2015-06-05,246.0,249.7,245.68,249.14,3022026
611,2015-06-08,250.85,258.75,250.31,256.29,5016997
612,2015-06-09,255.4,257.74,254.14,256.0,2611146
613,2015-06-10,251.9,254.0,248.5,250.7,3454453
614,2015-06-11,253.26,254.37,250.43,251.41,2044058
615,2015-06-12,250.21,253.46,250.21,250.69,1422335
616,2015-06-15,249.7,251.28,246.01,250.38,2186175
617,2015-06-16,250.13,253.44,249.1,253.12,1984678
618,2015-06-17,252.17,264.36,252.02,260.41,5512920
619,2015-06-18,262.0,263.46,260.02,261.89,2782703
620,2015-06-19,262.4,263.8,260.1,262.51,2463013
621,2015-06-22,262.15,264.4,255.69,259.79,4561079
622,2015-06-23,260.32,268.0,258.57,267.67,3870818
623,2015-06-24,266.98,267.35,263.72,265.17,2412293
624,2015-06-25,266.45,271.41,265.25,268.79,2849204
625,2015-06-26,268.89,269.11,266.0,267.09,3838434
626,2015-06-29,261.95,265.95,260.7,262.02,3478909
627,2015-06-30,264.8,270.92,264.0,268.26,3086935
628,2015-07-01,271.11,272.62,267.85,269.15,2101224
629,2015-07-02,280.2,282.45,273.31,280.02,7163930
630,2015-07-06,278.88,281.69,276.3,279.72,4121933
631,2015-07-07,275.0,275.2,260.77,267.88,6105126
632,2015-07-08,259.32,260.8,254.31,254.96,6221077
633,2015-07-09,259.08,262.95,256.79,257.92,3334077
634,2015-07-10,262.22,263.0,257.82,259.15,2610858
635,2015-07-13,262.25,262.55,256.05,262.16,2960319
636,2015-07-14,262.1,265.99,260.51,265.65,1907641
637,2015-07-15,266.74,267.49,262.08,263.14,2021621
638,2015-07-16,264.22,267.2,263.16,266.68,1615961
639,2015-07-17,272.5,275.54,268.25,274.66,5004099
640,2015-07-20,275.0,286.65,272.54,282.26,4978454
641,2015-07-21,270.05,273.5,266.55,266.77,6108686
642,2015-07-22,261.27,269.44,260.86,267.87,3104960
643,2015-07-23,269.65,269.9,265.27,267.2,2227239
644,2015-07-24,267.38,271.09,263.92,265.41,2836498
645,2015-07-27,262.43,264.43,250.79,253.01,4694192
646,2015-07-28,255.75,265.4,251.84,264.82,3895808
647,2015-07-29,264.27,267.89,262.0,263.82,2790095
648,2015-07-30,262.69,266.94,262.11,266.79,2034560
649,2015-07-31,267.6,269.36,265.12,266.15,2222552
650,2015-08-03,266.29,266.71,257.07,259.99,2553474
651,2015-08-04,260.01,266.72,258.34,266.28,2352530
652,2015-08-05,263.58,271.0,260.4,270.13,6214319
653,2015-08-06,249.54,255.0,236.12,246.13,14623754
654,2015-08-07,243.58,243.73,238.39,242.51,5073390
655,2015-08-10,238.15,242.97,236.05,241.14,4185860
656,2015-08-11,237.15,239.3,234.44,237.37,4264939
657,2015-08-12,235.0,239.77,232.74,238.17,3739157
658,2015-08-13,239.86,246.48,239.12,242.51,4689182
659,2015-08-14,247.24,247.93,241.77,243.15,4364810
660,2015-08-17,255.56,256.59,250.51,254.99,7176690
661,2015-08-18,255.38,260.95,253.56,260.72,4195035
662,2015-08-19,260.33,260.65,255.02,255.25,3604282
663,2015-08-20,252.06,254.56,241.9,242.18,4887192
664,2015-08-21,236.0,243.8,230.51,230.77,6564012
665,2015-08-24,202.79,231.4,195.0,218.87,9565541
666,2015-08-25,230.52,230.9,219.12,220.03,4304953
667,2015-08-26,227.93,228.0,215.51,224.84,4948119
668,2015-08-27,231.0,244.75,230.81,242.99,7642840
669,2015-08-28,241.86,251.45,241.57,248.48,5495169
670,2015-08-31,245.62,254.95,245.51,249.06,4680798
671,2015-09-01,240.34,246.0,236.97,238.63,5437046
672,2015-09-02,245.3,247.88,239.78,247.69,4584918
673,2015-09-03,252.06,252.08,245.0,245.57,4131503
674,2015-09-04,240.89,244.09,238.2,241.93,3682146
675,2015-09-08,245.05,249.16,244.05,248.17,3120348
676,2015-09-09,252.05,254.25,248.3,248.91,3384661
677,2015-09-10,247.23,250.72,245.33,248.48,2705437
678,2015-09-11,247.64,250.24,244.73,250.24,2342654
679,2015-09-14,251.1,254.25,249.67,253.19,2883100
680,2015-09-15,252.75,254.6,249.5,253.57,2929278
681,2015-09-16,253.04,262.88,252.88,262.25,4404454
682,2015-09-17,263.96,265.5,260.69,262.07,3574923
683,2015-09-18,257.96,263.82,257.5,260.62,3739826
684,2015-09-21,263.98,271.57,255.8,264.2,6110390
685,2015-09-22,259.03,262.65,255.87,260.94,3657582
686,2015-09-23,261.95,262.08,257.58,261.06,2594257
687,2015-09-24,259.53,263.45,256.21,263.12,3442247
688,2015-09-25,266.61,266.91,256.15,256.91,3767096
689,2015-09-28,257.35,259.79,246.61,248.43,4892501
690,2015-09-29,250.46,254.73,245.46,246.65,3693383
691,2015-09-30,252.0,252.4,242.34,248.4,4923331
692,2015-10-01,247.51,248.5,237.13,239.88,4566941
693,2015-10-02,235.6,247.7,234.93,247.57,4390140
694,2015-10-05,248.84,249.84,244.13,246.15,3678195
695,2015-10-06,240.0,243.03,235.58,241.46,5225174
696,2015-10-07,236.63,237.7,229.12,231.96,6803172
697,2015-10-08,230.08,230.72,221.31,226.72,6119688
698,2015-10-09,220.93,224.37,218.36,220.69,6150458
699,2015-10-12,222.99,223.0,215.27,215.58,3803779
700,2015-10-13,213.28,222.52,211.13,219.25,5162453
701,2015-10-14,220.67,220.95,215.43,216.88,3086784
702,2015-10-15,216.43,221.73,213.7,221.31,2833931
703,2015-10-16,223.04,230.48,222.87,227.01,4320797
704,2015-10-19,226.5,231.15,224.94,228.1,2499326
705,2015-10-20,227.72,228.6,202.0,213.03,14863266
706,2015-10-21,211.99,214.81,208.8,210.09,4151463
707,2015-10-22,211.56,215.75,209.4,211.72,2809155
708,2015-10-23,215.0,215.35,207.69,209.09,4142080
709,2015-10-26,211.38,215.88,210.0,215.26,3387107
710,2015-10-27,214.84,217.1,207.51,210.35,3500711
711,2015-10-28,211.31,213.45,208.3,212.96,2672551
712,2015-10-29,211.75,213.75,210.64,211.63,1782358
713,2015-10-30,210.4,211.63,203.89,206.93,4372936
714,2015-11-02,208.92,215.8,207.22,213.79,3919308
715,2015-11-03,210.0,214.44,207.75,208.35,7141113
716,2015-11-04,230.68,232.74,225.2,231.63,12706650
717,2015-11-05,230.58,234.58,229.19,231.77,4493263
718,2015-11-06,230.7,233.36,229.5,232.36,2443465
719,2015-11-09,232.99,232.99,224.31,225.33,3843824
720,2015-11-10,223.48,223.7,216.08,216.5,4568414
721,2015-11-11,217.77,219.48,213.63,219.08,3334955
722,2015-11-12,217.85,219.0,212.66,212.94,2910023
723,2015-11-13,212.95,212.99,206.52,207.19,3412083
724,2015-11-16,206.09,214.98,205.8,214.31,2917082
725,2015-11-17,215.2,216.0,211.4,214.0,2143269
726,2015-11-18,214.5,221.38,212.52,221.07,2805192
727,2015-11-19,220.54,226.19,220.3,221.8,2499363
728,2015-11-20,223.49,225.0,213.58,220.01,4388932
729,2015-11-23,217.35,219.18,214.68,217.75,2524994
730,2015-11-24,215.37,221.0,215.0,218.25,2452304
731,2015-11-25,221.34,230.82,220.38,229.64,3990779
732,2015-11-27,231.06,232.25,227.01,231.61,1949127
733,2015-11-30,231.79,234.28,229.08,230.26,2585753
734,2015-12-01,231.06,238.0,231.05,237.19,3728287
735,2015-12-02,237.0,238.6,231.23,231.99,2975721
736,2015-12-03,235.48,237.45,230.0,232.71,2939564
737,2015-12-04,232.46,233.27,227.66,230.38,2573603
738,2015-12-07,227.7,235.63,226.15,231.13,3144223
739,2015-12-08,227.52,228.8,224.2,226.72,2687636
740,2015-12-09,226.7,227.5,220.72,224.52,3057753
741,2015-12-10,224.71,228.49,223.64,227.07,2071692
742,2015-12-11,225.24,225.75,216.64,217.02,3268726
743,2015-12-14,217.51,220.92,214.87,218.58,2827068
744,2015-12-15,221.82,222.22,218.0,221.09,2244424
745,2015-12-16,222.1,234.88,220.73,234.51,5104341
746,2015-12-17,233.94,237.76,229.81,233.39,3298638
747,2015-12-18,232.89,235.9,229.29,230.46,3014170
748,2015-12-21,231.69,235.83,231.08,232.56,1953174
749,2015-12-22,234.99,236.55,229.63,229.95,1961495
750,2015-12-23,232.18,233.45,228.13,229.7,1554979
751,2015-12-24,230.56,231.88,228.28,230.57,710277
752,2015-12-28,231.49,231.98,225.54,228.95,1901304
753,2015-12-29,230.06,237.72,229.55,237.19,2406290
754,2015-12-30,236.6,243.63,235.67,238.09,3697921
755,2015-12-31,238.51,243.45,238.37,240.01,2715038
756,2016-01-04,230.72,231.38,219.0,223.41,6819737
757,2016-01-05,226.36,226.89,220.0,223.43,3186752
758,2016-01-06,220.0,220.05,215.98,219.04,3779128
759,2016-01-07,214.19,218.44,213.67,215.65,3554251
760,2016-01-08,217.86,220.44,210.77,211.0,3628058
761,2016-01-11,214.01,214.45,203.0,207.85,4091422
762,2016-01-12,211.6,213.74,205.31,209.97,3091917
763,2016-01-13,212.01,212.65,200.0,200.31,4039093
764,2016-01-14,202.21,210.0,193.38,206.18,6452623
765,2016-01-15,198.97,205.07,197.25,204.99,5322235
766,2016-01-19,208.71,210.47,200.78,204.72,3997509
767,2016-01-20,199.4,201.28,191.25,198.7,5825431
768,2016-01-21,201.55,203.23,195.02,199.97,3163432
769,2016-01-22,204.8,205.5,199.03,202.55,3120106
770,2016-01-25,200.06,203.57,195.88,196.38,2694564
771,2016-01-26,196.7,197.82,188.88,193.56,4946841
772,2016-01-27,192.38,193.26,185.77,188.07,3565378
773,2016-01-28,190.79,191.28,182.41,189.7,4581652
774,2016-01-29,189.95,193.74,188.08,191.2,2841003
775,2016-02-01,188.76,199.52,182.75,196.94,5293766
776,2016-02-02,192.42,193.12,180.23,182.78,5762855
777,2016-02-03,183.59,183.94,170.18,173.48,7879454
778,2016-02-04,170.7,175.98,166.99,175.33,4363924
779,2016-02-05,171.3,173.0,157.74,162.6,9426933
780,2016-02-08,157.1,157.15,146.0,147.99,9297941
781,2016-02-09,142.32,159.79,141.05,148.25,8575099
782,2016-02-10,150.5,154.97,141.74,143.67,9067292
783,2016-02-11,152.0,163.26,147.0,150.47,14231392
784,2016-02-12,155.0,157.01,143.7,151.04,7202970
785,2016-02-16,158.7,162.95,154.11,155.17,5556314
786,2016-02-17,159.0,169.34,156.68,168.68,5807071
787,2016-02-18,172.42,172.95,164.77,166.77,3785336
788,2016-02-19,163.66,167.49,162.5,166.58,2952880
789,2016-02-22,170.12,178.91,169.85,177.74,5051180
790,2016-02-23,176.16,181.73,173.68,177.21,5968028
791,2016-02-24,172.75,179.5,167.84,179.0,5380712
792,2016-02-25,178.65,188.52,175.2,187.43,5720514
793,2016-02-26,188.7,192.0,185.0,190.34,6052910
794,2016-02-29,192.4,196.35,189.22,191.93,4479719
795,2016-03-01,194.25,195.95,182.7,186.35,6701674
796,2016-03-02,183.73,188.52,181.5,188.34,4832986
797,2016-03-03,188.28,197.42,184.22,195.74,4820497
798,2016-03-04,198.0,204.03,197.5,201.04,6469772
799,2016-03-07,197.68,209.7,197.4,205.29,5329369
800,2016-03-08,203.5,207.5,202.2,202.6,4130816
801,2016-03-09,204.52,209.37,202.79,208.72,3160081
802,2016-03-10,210.0,213.29,200.67,205.18,5183177
803,2016-03-11,207.93,209.42,205.33,207.5,3300358
804,2016-03-14,212.65,216.72,210.64,215.15,4054723
805,2016-03-15,214.27,218.97,211.5,218.34,3180452
806,2016-03-16,218.0,222.58,217.02,221.93,3462107
807,2016-03-17,221.47,228.5,220.0,226.38,3754756
808,2016-03-18,229.1,234.48,228.06,232.74,4698180
809,2016-03-21,235.34,239.88,235.0,238.32,5286697
810,2016-03-22,237.21,238.99,232.56,234.24,4300628
811,2016-03-23,232.37,234.73,222.03,222.58,4921013
812,2016-03-24,215.78,228.89,215.0,227.75,4954411
813,2016-03-28,231.61,234.81,225.0,230.26,3875451
814,2016-03-29,229.89,232.38,225.33,230.13,4004940
815,2016-03-30,235.09,235.5,226.5,226.89,4019667
816,2016-03-31,229.34,237.42,225.01,229.77,7956740
817,2016-04-01,244.82,247.9,233.25,237.59,15962015
818,2016-04-04,249.12,252.12,243.64,246.99,13289584
819,2016-04-05,240.5,256.56,240.0,255.47,9915160
820,2016-04-06,253.97,267.74,253.45,265.42,11679883
821,2016-04-07,266.45,269.34,254.51,257.2,8836815
822,2016-04-08,260.5,260.82,248.02,250.07,7332157
823,2016-04-11,251.0,258.99,245.3,249.92,9153901
824,2016-04-12,249.5,251.8,243.63,247.82,5750757
825,2016-04-13,248.51,255.5,247.33,254.53,4917930
826,2016-04-14,253.0,256.84,251.05,251.86,4119980
827,2016-04-15,251.31,254.6,249.12,254.51,3742018
828,2016-04-18,252.23,258.31,251.66,253.88,4261782
829,2016-04-19,253.12,254.37,241.25,247.37,6349403
830,2016-04-20,246.26,253.66,241.5,249.97,5190831
831,2016-04-21,248.99,250.9,246.91,248.29,2783059
832,2016-04-22,248.89,254.0,245.71,253.75,3774648
833,2016-04-25,253.01,257.38,250.76,251.82,3664293
834,2016-04-26,252.05,255.73,249.39,253.74,3212470
835,2016-04-27,252.75,255.0,249.4,251.47,3190682
836,2016-04-28,249.85,253.43,247.44,247.71,2509509
837,2016-04-29,248.14,248.43,237.81,240.76,5388701
838,2016-05-02,241.5,243.19,234.82,241.8,3836429
839,2016-05-03,237.36,238.91,231.62,232.32,4289174
840,2016-05-04,230.29,234.46,220.4,222.56,8262540
841,2016-05-05,228.46,228.64,209.79,211.53,11235835
842,2016-05-06,210.87,216.37,208.11,214.93,5681078
843,2016-05-09,215.72,216.15,206.8,208.92,4758131
844,2016-05-10,207.55,209.47,205.0,208.69,4065214
845,2016-05-11,207.59,215.48,206.05,208.96,5153730
846,2016-05-12,211.44,211.67,203.66,207.28,3646943
847,2016-05-13,207.78,211.2,206.7,207.61,2819264
848,2016-05-16,208.15,213.15,207.92,208.29,2945072
849,2016-05-17,209.05,209.82,204.02,204.66,2841168
850,2016-05-18,209.15,215.31,207.75,211.17,5384698
851,2016-05-19,213.62,216.79,207.3,215.21,6811976
852,2016-05-20,216.99,220.55,216.35,220.28,8951773
853,2016-05-23,219.87,222.6,215.86,216.22,5093158
854,2016-05-24,216.6,218.74,215.18,217.91,3008774
855,2016-05-25,217.91,221.36,216.51,219.58,3126822
856,2016-05-26,220.5,225.26,219.05,225.12,4064013
857,2016-05-27,224.99,225.93,220.75,223.04,3642740
858,2016-05-31,223.04,224.75,221.5,223.23,2789002
859,2016-06-01,221.48,222.4,216.89,219.56,2982695
860,2016-06-02,219.59,219.91,217.11,218.96,2032832
861,2016-06-03,220.0,221.94,218.01,218.99,2228970
862,2016-06-06,218.0,220.9,215.45,220.68,2249508
863,2016-06-07,222.24,234.44,221.52,232.34,6213573
864,2016-06-08,233.8,240.84,232.6,235.52,5971995
865,2016-06-09,234.98,235.33,227.06,229.36,4492075
866,2016-06-10,227.39,227.97,218.42,218.79,6026603
867,2016-06-13,219.5,225.77,217.66,217.87,4193022
868,2016-06-14,218.88,222.2,212.53,214.96,3580167
869,2016-06-15,216.95,221.9,215.13,217.7,2908522
870,2016-06-16,217.42,218.04,213.5,217.93,2440259
871,2016-06-17,217.81,219.99,214.5,215.47,3112620
872,2016-06-20,219.5,223.75,218.23,219.7,3555471
873,2016-06-21,220.68,222.57,218.81,219.61,4529005
874,2016-06-22,199.47,205.95,195.75,196.66,23742414
875,2016-06-23,195.69,197.55,192.13,196.4,10130748
876,2016-06-24,190.05,195.12,189.73,193.15,7026516
877,2016-06-27,190.86,198.81,187.87,198.55,7220323
878,2016-06-28,201.89,204.05,199.41,201.79,6212422
879,2016-06-29,205.13,211.78,203.0,210.19,5994908
880,2016-06-30,212.97,213.5,209.02,212.28,4843111
881,2016-07-01,206.14,218.24,206.0,216.5,5399951
882,2016-07-05,209.73,214.54,208.0,213.98,5175345
883,2016-07-06,210.0,215.23,209.0,214.44,4919855
884,2016-07-07,213.1,218.12,213.01,215.94,3612022
885,2016-07-08,217.8,219.81,214.5,216.78,4074785
886,2016-07-11,219.96,226.78,219.51,224.78,5429823
887,2016-07-12,224.1,227.5,223.22,224.65,4576165
888,2016-07-13,225.5,225.59,220.29,222.53,3567062
889,2016-07-14,223.12,224.94,221.05,221.53,2675834
890,2016-07-15,222.52,222.75,219.64,220.4,2234247
891,2016-07-18,219.64,227.09,218.3,226.25,3412055
892,2016-07-19,225.0,229.1,224.75,225.26,3115065
893,2016-07-20,226.47,229.8,225.0,228.36,2568498
894,2016-07-21,226.0,227.85,219.1,220.5,4428651
895,2016-07-22,221.99,224.5,218.88,222.27,2579692
896,2016-07-25,222.27,231.39,221.37,230.01,4490683
897,2016-07-26,227.69,230.0,225.3,229.51,3430042
898,2016-07-27,229.34,233.36,226.92,228.49,2889007
899,2016-07-28,227.95,230.76,226.6,230.61,2419059
900,2016-07-29,230.7,235.28,230.24,234.79,3070813
901,2016-08-01,235.5,236.63,229.38,230.01,4016284
902,2016-08-02,229.37,229.87,221.4,227.2,3934432
903,2016-08-03,227.37,229.7,224.21,225.79,3887759
904,2016-08-04,225.69,230.86,222.05,230.61,4146997
905,2016-08-05,230.0,232.0,227.4,230.03,3205215
906,2016-08-08,228.0,229.6,226.09,226.16,2263584
907,2016-08-09,226.82,231.54,226.65,229.08,2207833
908,2016-08-10,228.24,229.87,224.62,225.65,2338301
909,2016-08-11,226.17,227.57,223.41,224.91,1880936
910,2016-08-12,225.41,226.65,224.04,225.61,1813540
911,2016-08-15,226.02,229.5,224.93,225.59,2034328
912,2016-08-16,225.49,227.19,223.41,223.61,2267147
913,2016-08-17,224.33,224.83,222.8,223.24,1787127
914,2016-08-18,223.82,225.66,222.29,223.51,1714467
915,2016-08-19,223.54,225.17,222.53,225.0,1659530
916,2016-08-22,224.17,225.11,222.68,222.93,2065493
917,2016-08-23,224.32,228.49,222.8,224.84,4784418
918,2016-08-24,227.05,227.15,222.22,222.62,2570693
919,2016-08-25,223.11,223.8,220.77,220.96,1762519
920,2016-08-26,222.14,222.86,218.82,219.99,2238992
921,2016-08-29,220.15,220.4,215.0,215.2,3266334
922,2016-08-30,216.11,216.11,210.52,211.34,3168862
923,2016-08-31,210.43,212.6,208.65,212.01,3276548
924,2016-09-01,209.01,211.1,200.5,200.77,7943138
925,2016-09-02,202.33,203.2,196.2,197.78,5977413
926,2016-09-06,199.02,203.25,199.0,202.83,4390572
927,2016-09-07,205.5,206.5,200.71,201.71,3640923
928,2016-09-08,199.55,199.89,196.36,197.36,3377946
929,2016-09-09,199.09,199.92,193.7,194.47,3756992
930,2016-09-12,195.0,201.37,194.1,198.3,3715161
931,2016-09-13,197.06,198.49,193.45,196.05,3589379
932,2016-09-14,195.75,197.92,194.86,196.41,2259231
933,2016-09-15,196.49,202.52,196.4,200.42,3085115
934,2016-09-16,200.42,205.7,199.0,205.4,3107808
935,2016-09-19,207.0,209.43,205.0,206.34,2299498
936,2016-09-20,206.85,207.75,203.91,204.64,2410488
937,2016-09-21,206.37,207.0,201.56,205.22,2633503
938,2016-09-22,206.4,207.28,203.0,206.43,2382902
939,2016-09-23,205.99,210.18,205.67,207.45,2905229
940,2016-09-26,206.5,211.0,206.5,208.99,2394358
941,2016-09-27,209.65,209.98,204.61,205.81,3373180
942,2016-09-28,207.51,208.25,205.26,206.27,2088374
943,2016-09-29,205.6,207.33,200.58,200.7,2727029
944,2016-09-30,202.21,204.98,199.55,204.03,2586273
945,2016-10-03,212.3,215.67,208.25,213.7,5999892
946,2016-10-04,213.1,213.32,208.82,211.41,3541481
947,2016-10-05,212.24,213.15,208.12,208.46,1877534
948,2016-10-06,202.46,204.21,200.21,201.0,4703402
949,2016-10-07,201.0,201.32,195.8,196.61,3493018
950,2016-10-10,201.35,204.14,199.66,200.95,3316297
951,2016-10-11,201.85,202.2,198.31,200.1,2328422
952,2016-10-12,200.95,203.88,200.42,201.51,1970689
953,2016-10-13,200.5,200.9,197.05,200.24,2495413
954,2016-10-14,200.66,201.43,196.3,196.51,4269850
955,2016-10-17,197.05,198.39,192.0,193.96,4554080
956,2016-10-18,195.99,199.47,193.26,199.1,5680475
957,2016-10-19,199.74,206.66,198.06,203.56,6991183
958,2016-10-20,202.12,203.0,197.05,199.1,5072877
959,2016-10-21,198.6,201.57,197.41,200.09,2943402
960,2016-10-24,201.0,203.95,200.25,202.76,2751562
961,2016-10-25,202.9,204.69,201.2,202.34,2445014
962,2016-10-26,201.0,203.19,200.1,202.24,5632841
963,2016-10-27,211.34,213.7,201.65,204.01,13093744
964,2016-10-28,204.0,205.32,199.83,199.97,4280141
965,2016-10-31,202.49,202.49,195.81,197.73,4692273
966,2016-11-01,198.04,198.5,188.1,190.79,7060036
967,2016-11-02,190.05,192.7,187.5,188.02,4253382
968,2016-11-03,189.0,191.47,187.04,187.42,2653023
969,2016-11-04,189.0,193.46,185.96,190.56,5146043
970,2016-11-07,193.59,194.29,190.05,193.21,3870112
971,2016-11-08,193.79,197.49,191.26,194.94,3267580
972,2016-11-09,186.88,192.0,183.95,190.06,8173065
973,2016-11-10,191.05,191.61,180.42,185.35,6750341
974,2016-11-11,184.24,188.88,183.0,188.56,3988504
975,2016-11-14,188.0,188.25,178.19,181.45,6552205
976,2016-11-15,182.78,186.43,182.05,183.77,3902018
977,2016-11-16,182.65,184.73,181.21,183.93,3434437
978,2016-11-17,183.49,189.49,182.11,188.66,4887067
979,2016-11-18,190.65,193.0,185.0,185.02,5210347
980,2016-11-21,185.04,188.89,184.41,184.52,4361043
981,2016-11-22,185.84,191.47,183.71,191.17,5603361
982,2016-11-23,190.61,195.64,189.0,193.14,4891893
983,2016-11-25,193.64,197.24,193.64,196.65,2366098
984,2016-11-28,195.48,199.35,194.55,196.12,4529182
985,2016-11-29,195.56,196.73,189.5,189.57,4439256
986,2016-11-30,191.0,191.89,187.5,189.4,3547104
987,2016-12-01,188.25,188.53,181.0,181.88,5126401
988,2016-12-02,182.88,184.88,180.0,181.47,4042324
989,2016-12-05,182.51,188.89,182.51,186.8,4072239
990,2016-12-06,185.52,186.58,182.68,185.85,3391622
991,2016-12-07,186.15,193.4,185.0,193.15,5461851
992,2016-12-08,192.05,192.5,189.54,192.29,3194148
993,2016-12-09,190.87,193.84,190.81,192.18,2722505
994,2016-12-12,192.8,194.42,191.04,192.43,2438876
995,2016-12-13,193.18,201.28,193.0,198.15,6823884
996,2016-12-14,198.74,203.0,196.76,198.69,4150927
997,2016-12-15,198.41,200.74,197.39,197.58,3219567
998,2016-12-16,198.08,202.59,197.6,202.49,3796889
999,2016-12-19,202.49,204.45,199.84,202.73,3488071
1000,2016-12-20,203.05,209.0,202.5,208.79,4689071
1001,2016-12-21,208.45,212.23,207.41,207.7,5207622
1002,2016-12-22,208.22,209.99,206.5,208.45,3111108
1003,2016-12-23,208.0,213.45,207.71,213.34,4670464
1004,2016-12-27,214.88,222.25,214.42,219.53,5915732
1005,2016-12-28,221.53,223.8,217.2,219.74,3782456
1006,2016-12-29,218.56,219.2,214.12,214.68,4044968
1007,2016-12-30,216.3,217.5,211.68,213.69,4642620
1008,2017-01-03,214.86,220.33,210.96,216.99,5923254
1009,2017-01-04,214.75,228.0,214.31,226.99,11213471
1010,2017-01-05,226.42,227.48,221.95,226.75,5911695
1011,2017-01-06,226.93,230.31,225.45,229.01,5527893
1012,2017-01-09,228.97,231.92,228.0,231.28,3979484
1013,2017-01-10,232.0,232.0,226.89,229.87,3659955
1014,2017-01-11,229.07,229.98,226.68,229.73,3650825
1015,2017-01-12,229.06,230.7,225.58,229.59,3790229
1016,2017-01-13,230.0,237.85,229.59,237.75,6092960
1017,2017-01-17,236.7,239.96,234.37,235.58,4617522
1018,2017-01-18,236.65,239.71,235.58,238.36,3768967
1019,2017-01-19,247.25,248.68,240.75,243.76,7732303
1020,2017-01-20,245.46,246.0,243.01,244.73,4204275
1021,2017-01-23,245.85,250.89,245.5,248.92,6262938
1022,2017-01-24,250.0,254.8,249.65,254.61,4965451
1023,2017-01-25,257.31,258.46,251.8,254.47,5146361
1024,2017-01-26,254.29,255.74,250.75,252.51,3152123
1025,2017-01-27,251.38,253.0,248.52,252.95,3166336
1026,2017-01-30,252.53,255.29,247.1,250.63,3801074
1027,2017-01-31,249.24,255.89,247.7,251.93,4116104
1028,2017-02-01,253.05,253.2,249.05,249.24,3958829
1029,2017-02-02,248.34,252.42,247.71,251.55,2499775
1030,2017-02-03,251.91,252.18,249.68,251.33,2186723
1031,2017-02-06,251.0,257.82,250.63,257.77,3562517
1032,2017-02-07,258.19,260.0,256.42,257.48,4244775
1033,2017-02-08,257.35,263.36,256.2,262.08,3933014
1034,2017-02-09,266.25,271.18,266.15,269.2,7820222
1035,2017-02-10,269.79,270.95,266.11,269.23,3619739
1036,2017-02-13,270.74,280.79,270.51,280.6,7029605
1037,2017-02-14,279.03,287.39,278.61,280.98,7345224
1038,2017-02-15,280.0,282.24,276.44,279.76,4947856
1039,2017-02-16,277.6,280.0,268.5,268.95,7077322
1040,2017-02-17,265.8,272.89,264.15,272.23,6257149
1041,2017-02-21,275.45,281.4,274.01,277.39,5676747
1042,2017-02-22,280.31,283.45,272.6,273.51,8754975
1043,2017-02-23,264.0,264.66,255.56,255.99,14915249
1044,2017-02-24,252.66,258.25,250.2,257.0,8171626
1045,2017-02-27,248.17,248.36,242.01,246.23,11460810
1046,2017-02-28,244.19,251.0,243.9,249.99,6078145
1047,2017-03-01,254.18,254.85,249.11,250.02,4809488
1048,2017-03-02,249.71,253.28,248.27,250.48,3351833
1049,2017-03-03,251.33,251.9,249.0,251.57,2929234
1050,2017-03-06,247.91,251.7,247.51,251.21,3355500
1051,2017-03-07,251.92,253.89,248.32,248.59,3459470
1052,2017-03-08,247.0,250.07,245.32,246.87,3728649
1053,2017-03-09,247.63,248.66,243.0,244.9,3879293
1054,2017-03-10,246.21,246.5,243.0,243.69,3066272
1055,2017-03-13,244.82,246.85,242.78,246.17,3022625
1056,2017-03-14,246.11,258.12,246.02,258.0,7598446
1057,2017-03-15,257.0,261.0,254.27,255.73,5330806
1058,2017-03-16,262.4,265.75,259.06,262.05,7132153
1059,2017-03-17,264.0,265.33,261.2,261.5,6497496
1060,2017-03-20,260.6,264.55,258.82,261.92,3614294
1061,2017-03-21,262.83,264.8,250.24,250.68,6908554
1062,2017-03-22,251.56,255.07,250.51,255.01,4059297
1063,2017-03-23,255.39,257.67,253.3,254.78,3320245
1064,2017-03-24,255.7,263.89,255.01,263.16,5647253
1065,2017-03-27,260.6,270.57,259.75,270.22,6230795
1066,2017-03-28,277.02,280.68,275.0,277.45,7987604
1067,2017-03-29,278.34,279.6,275.54,277.38,3676157
1068,2017-03-30,278.04,282.0,277.21,277.92,4148426
1069,2017-03-31,278.73,279.68,276.32,278.3,3294640
1070,2017-04-03,286.9,299.0,284.58,298.52,13888618
1071,2017-04-04,296.89,304.81,294.53,303.7,10134556
1072,2017-04-05,302.04,304.88,294.2,295.0,7880938
1073,2017-04-06,296.88,301.94,294.1,298.7,5520588
1074,2017-04-07,297.5,302.69,297.15,302.54,4579613
1075,2017-04-10,309.15,313.73,308.71,312.39,7664458
1076,2017-04-11,313.38,313.47,305.5,308.71,5724577
1077,2017-04-12,306.34,308.45,296.32,296.84,6050682
1078,2017-04-13,296.7,307.39,295.3,304.0,9284634
1079,2017-04-17,302.7,304.0,298.68,301.44,4138736
1080,2017-04-18,299.7,300.84,297.9,300.25,3035698
1081,2017-04-19,302.46,306.62,302.11,305.52,3898024
1082,2017-04-20,306.51,309.15,300.23,302.51,6149352
1083,2017-04-21,302.0,306.4,300.42,305.6,4509756
1084,2017-04-24,309.22,310.55,306.02,308.03,5083505
1085,2017-04-25,308.0,313.98,305.86,313.79,6737708
1086,2017-04-26,312.37,314.5,309.0,310.17,4695044
1087,2017-04-27,311.69,313.09,307.5,308.63,3468569
1088,2017-04-28,309.83,314.8,308.0,314.07,4505478
1089,2017-05-01,314.88,327.25,314.81,322.83,8829565
1090,2017-05-02,324.0,327.66,316.56,318.89,5382777
1091,2017-05-03,317.67,321.53,310.45,311.02,7133365
1092,2017-05-04,307.44,307.77,290.76,295.46,14152008
1093,2017-05-05,298.0,308.55,296.8,308.35,8177347
1094,2017-05-08,310.9,313.79,305.82,307.19,7006471
1095,2017-05-09,309.38,321.99,309.1,321.26,9676537
1096,2017-05-10,321.56,325.5,318.12,325.22,5741607
1097,2017-05-11,323.4,326.0,319.6,323.1,4753819
1098,2017-05-12,325.48,327.0,321.53,324.81,4121612
1099,2017-05-15,318.38,320.2,312.53,315.88,7622004
1100,2017-05-16,317.59,320.06,315.14,317.01,4152484
1101,2017-05-17,314.39,314.63,305.5,306.11,6711940
1102,2017-05-18,307.0,313.94,305.31,313.06,5653801
1103,2017-05-19,315.5,316.5,310.2,310.83,4687572
1104,2017-05-22,312.8,314.37,306.8,310.35,4329178
1105,2017-05-23,310.46,310.73,303.48,303.86,4318354
1106,2017-05-24,306.51,311.0,305.4,310.22,5041692
1107,2017-05-25,311.02,316.97,307.81,316.83,5013963
1108,2017-05-26,317.28,325.49,316.31,325.14,7802199
1109,2017-05-30,326.0,336.28,325.76,335.1,7782916
1110,2017-05-31,337.69,342.89,335.16,341.01,9963444
1111,2017-06-01,344.0,344.88,337.29,340.37,7607996
1112,2017-06-02,339.77,342.88,335.93,339.85,5590239
1113,2017-06-05,338.5,348.44,334.21,347.32,6784368
1114,2017-06-06,344.7,359.49,339.97,352.85,11086798
1115,2017-06-07,356.34,360.5,355.14,359.65,9397959
1116,2017-06-08,363.75,371.9,360.22,370.0,9061496
1117,2017-06-09,374.42,376.87,354.8,357.32,17261435
1118,2017-06-12,357.99,364.5,350.62,359.01,10517660
1119,2017-06-13,367.62,376.0,366.61,375.95,11807920
1120,2017-06-14,381.08,384.25,376.31,380.66,12818429
1121,2017-06-15,372.5,375.46,366.49,375.34,10426469
1122,2017-06-16,377.98,378.01,370.1,371.4,6730973
1123,2017-06-19,375.0,376.7,367.8,369.8,6549332
1124,2017-06-20,376.67,378.88,369.73,372.24,7438701
1125,2017-06-21,374.35,376.99,368.02,376.4,4923210
1126,2017-06-22,377.99,385.0,373.57,382.61,7529778
1127,2017-06-23,382.45,386.99,379.34,383.45,6445758
1128,2017-06-26,386.69,386.95,373.1,377.49,6604099
1129,2017-06-27,376.4,376.4,362.02,362.37,6996399
1130,2017-06-28,366.68,371.74,362.52,371.24,6302463
1131,2017-06-29,370.61,371.0,354.1,360.75,8221038
1132,2017-06-30,363.71,366.77,359.62,361.61,5848521
1133,2017-07-03,370.24,371.35,351.5,352.62,6305401
1134,2017-07-05,347.2,347.24,326.33,327.09,17046701
1135,2017-07-06,317.26,320.79,306.3,308.83,19324495
1136,2017-07-07,313.5,317.0,307.38,313.22,14176915
1137,2017-07-10,312.9,317.94,303.13,316.05,13820889
1138,2017-07-11,316.0,327.28,314.3,327.22,11559402
1139,2017-07-12,330.4,333.1,324.5,329.52,10346127
1140,2017-07-13,330.11,331.6,319.97,323.41,8594466
1141,2017-07-14,323.19,328.42,321.22,327.78,5625211
1142,2017-07-17,325.54,327.1,313.45,319.57,9876912
1143,2017-07-18,317.5,329.13,315.66,328.24,6373720
1144,2017-07-19,328.23,331.65,323.22,325.26,6357014
1145,2017-07-20,326.9,330.22,324.2,329.92,5166188
1146,2017-07-21,329.46,331.26,325.8,328.4,4901606
1147,2017-07-24,330.24,343.4,330.01,342.52,8637082
1148,2017-07-25,345.0,345.6,334.15,339.6,6989197
1149,2017-07-26,340.36,345.5,338.12,343.85,4820790
1150,2017-07-27,346.0,347.5,326.29,334.46,8302405
1151,2017-07-28,336.89,339.6,332.51,335.07,4880414
1152,2017-07-31,335.5,341.49,321.04,323.47,8535136
1153,2017-08-01,323.0,324.45,316.13,319.57,8303102
1154,2017-08-02,318.94,327.12,311.22,325.89,13091462
1155,2017-08-03,345.33,350.0,343.15,347.09,13535033
1156,2017-08-04,347.0,357.27,343.3,356.91,9268909
1157,2017-08-07,357.35,359.48,352.75,355.17,6324480
1158,2017-08-08,357.53,368.58,357.4,365.22,7449837
1159,2017-08-09,361.0,370.0,358.95,363.53,6892096
1160,2017-08-10,361.6,366.65,354.66,355.4,7092858
1161,2017-08-11,356.97,361.26,353.62,357.87,4365783
1162,2017-08-14,364.63,367.66,362.6,363.8,4519186
1163,2017-08-15,365.2,365.49,359.37,362.33,3085088
1164,2017-08-16,363.0,366.5,362.52,362.91,3413773
1165,2017-08-17,361.21,363.3,351.59,351.92,5027660
1166,2017-08-18,352.91,354.0,345.8,347.46,5408183
1167,2017-08-21,345.82,345.82,331.85,337.86,6495424
1168,2017-08-22,341.13,342.24,337.37,341.35,4321966
1169,2017-08-23,338.99,353.49,338.3,352.77,4954504
1170,2017-08-24,352.52,356.66,349.74,352.93,4584687
1171,2017-08-25,354.24,355.69,347.3,348.05,3483956
1172,2017-08-28,347.28,347.35,339.72,345.66,3763956
1173,2017-08-29,339.48,349.05,338.75,347.36,4073675
1174,2017-08-30,349.67,353.47,347.0,353.18,3412943
1175,2017-08-31,353.55,358.44,352.82,355.9,4072795
1176,2017-09-01,356.12,357.59,353.69,355.4,3049546
1177,2017-09-05,353.8,355.49,345.89,349.59,3848382
1178,2017-09-06,349.5,350.98,341.56,344.53,4091351
1179,2017-09-07,345.98,352.48,343.45,350.61,4239213
1180,2017-09-08,348.99,349.78,342.3,343.4,3263508
1181,2017-09-11,351.35,363.71,350.0,363.69,7667055
1182,2017-09-12,364.49,368.76,360.4,362.75,5972907
1183,2017-09-13,363.82,368.07,359.59,366.23,4185231
1184,2017-09-14,364.33,377.96,362.63,377.64,7202524
1185,2017-09-15,374.51,380.0,372.7,379.81,5420496
1186,2017-09-18,380.25,389.61,377.68,385.0,7187980
1187,2017-09-19,380.0,382.39,373.57,375.1,6451886
1188,2017-09-20,373.0,378.25,371.07,373.91,4919052
1189,2017-09-21,374.9,376.83,364.51,366.48,4618190
1190,2017-09-22,366.49,369.9,350.88,351.09,8159418
1191,2017-09-25,353.15,357.47,342.88,344.99,7605946
1192,2017-09-26,350.93,351.24,340.9,345.25,7156274
1193,2017-09-27,349.9,351.49,340.5,340.97,6020950
1194,2017-09-28,339.88,342.75,335.4,339.6,5319617
1195,2017-09-29,341.86,344.68,338.6,341.1,5107082
1196,2017-10-02,342.52,343.7,335.51,341.53,5286774
1197,2017-10-03,335.9,348.55,331.28,348.14,10153596
1198,2017-10-04,351.25,358.62,349.6,355.01,8163543
1199,2017-10-05,356.0,357.44,351.35,355.33,4171675
1200,2017-10-06,353.1,360.1,352.25,356.88,4297474
1201,2017-10-09,349.65,351.75,342.67,342.94,7493654
1202,2017-10-10,346.8,355.63,345.53,355.59,6978495
1203,2017-10-11,353.89,357.6,351.15,354.6,4500831
1204,2017-10-12,352.95,359.78,352.64,355.68,4087048
1205,2017-10-13,356.98,358.49,353.68,355.57,3540533
1206,2017-10-16,353.76,354.48,347.16,350.6,5375486
1207,2017-10-17,350.91,356.22,350.07,355.75,3293345
1208,2017-10-18,355.97,363.0,354.13,359.65,4939074
1209,2017-10-19,355.56,357.15,348.2,351.81,5061843
1210,2017-10-20,352.69,354.55,344.34,345.1,4930395
1211,2017-10-23,349.88,349.95,336.25,337.02,5747346
1212,2017-10-24,338.8,342.8,336.16,337.34,4491672
1213,2017-10-25,336.7,337.5,323.56,325.84,8594073
1214,2017-10-26,327.78,330.23,323.2,326.17,5023500
1215,2017-10-27,319.75,324.59,316.66,320.87,6979704
1216,2017-10-30,319.18,323.78,317.25,320.08,4254378
1217,2017-10-31,320.23,331.95,320.18,331.53,5672347
1218,2017-11-01,332.25,332.61,320.26,321.08,8457336
1219,2017-11-02,300.13,308.69,292.63,299.26,19791416
1220,2017-11-03,299.5,306.25,295.13,306.09,8893974
1221,2017-11-06,307.0,307.5,299.01,302.78,6486009
1222,2017-11-07,301.02,306.5,300.03,306.05,5294274
1223,2017-11-08,305.5,306.89,301.3,304.39,4725271
1224,2017-11-09,302.5,304.46,296.3,302.99,5447147
1225,2017-11-10,302.5,308.36,301.85,302.99,4625429
1226,2017-11-13,300.13,316.8,299.11,315.4,7584944
1227,2017-11-14,315.0,316.35,306.9,308.7,5676076
1228,2017-11-15,306.01,312.49,301.5,311.3,5978665
1229,2017-11-16,313.99,318.14,311.3,312.5,5822073
1230,2017-11-17,325.67,326.67,313.15,315.05,13735139
1231,2017-11-20,313.79,315.5,304.75,308.74,8247650
1232,2017-11-21,310.86,318.23,308.71,317.81,7261273
1233,2017-11-22,316.77,317.42,311.84,312.6,4917636
1234,2017-11-24,313.79,316.41,311.0,315.55,3244065
1235,2017-11-27,313.25,317.34,309.51,316.81,4555894
1236,2017-11-28,316.36,320.0,313.92,317.55,4949491
1237,2017-11-29,317.3,318.0,301.23,307.54,8767398
1238,2017-11-30,308.56,310.7,304.54,308.85,4351587
1239,2017-12-01,305.44,310.32,305.05,306.53,4292868
1240,2017-12-04,306.5,308.26,300.61,305.2,5835140
1241,2017-12-05,302.0,308.0,301.0,303.7,4646520
1242,2017-12-06,300.1,313.39,300.0,313.26,7195341
1243,2017-12-07,312.0,318.63,311.05,311.24,4780597
1244,2017-12-08,314.6,316.98,311.26,315.13,3468458
1245,2017-12-11,314.63,329.01,313.75,328.91,7937981
1246,2017-12-12,330.45,341.44,330.03,341.03,8733199
1247,2017-12-13,340.93,344.22,336.5,339.03,6221461
1248,2017-12-14,341.01,347.44,336.9,337.89,5799916
1249,2017-12-15,342.04,343.9,335.76,343.45,6933199
1250,2017-12-18,344.9,346.73,337.58,338.87,5476166
1251,2017-12-19,340.26,341.49,330.3,331.1,6824971
1252,2017-12-20,332.69,333.1,325.04,328.98,5953800
1253,2017-12-21,329.59,333.74,327.21,331.66,4385222
1254,2017-12-22,329.51,330.92,324.82,325.2,4215807
1255,2017-12-26,323.83,323.94,316.58,317.29,4378413
1256,2017-12-27,316.0,317.68,310.75,311.64,4712111
1257,2017-12-28,311.75,315.82,309.54,315.36,4316347
1258,2017-12-29,316.18,316.41,310.0,311.35,3777155
1259,2018-01-02,312.0,322.11,311.0,320.53,4352241
1260,2018-01-03,321.0,325.25,315.55,317.25,4521527
1261,2018-01-04,312.87,318.55,305.68,314.62,9946304
1262,2018-01-05,316.62,317.24,312.0,316.58,4591180
1263,2018-01-08,316.0,337.02,315.5,336.41,9859435
1264,2018-01-09,335.16,338.8,327.4,333.69,7146631
1265,2018-01-10,332.2,337.0,330.0,334.8,4309926
1266,2018-01-11,335.24,344.81,333.26,337.95,6645484
1267,2018-01-12,338.63,340.41,333.67,336.22,4825059
1268,2018-01-16,337.54,345.0,334.8,340.06,6474251
1269,2018-01-17,340.47,349.0,339.75,347.16,7103505
1270,2018-01-18,345.67,352.3,343.74,344.57,5685845
1271,2018-01-19,345.0,350.59,342.6,350.02,4888303
1272,2018-01-22,349.4,357.83,349.2,351.56,6210360
1273,2018-01-23,360.0,360.5,351.0,352.79,5465414
1274,2018-01-24,354.58,354.75,343.52,345.89,5287478
1275,2018-01-25,348.27,349.2,336.4,337.64,6740303
1276,2018-01-26,341.5,344.0,335.71,342.85,4539356
1277,2018-01-29,339.85,350.85,338.28,349.53,4747149
1278,2018-01-30,345.14,348.27,342.17,345.82,4717700
1279,2018-01-31,347.51,356.19,345.19,354.31,6214069
1280,2018-02-01,351.0,359.66,348.63,349.25,4197687
1281,2018-02-02,348.44,351.95,340.51,343.75,3704836
1282,2018-02-05,337.97,344.47,333.0,333.13,4464147
1283,2018-02-06,325.21,336.22,323.5,333.97,5088438
1284,2018-02-07,338.99,346.0,335.66,345.0,6969239
1285,2018-02-08,343.31,348.62,314.6,315.23,10314573
1286,2018-02-09,319.93,320.98,294.76,310.42,12933721
1287,2018-02-12,316.13,318.08,306.25,315.73,6227822
1288,2018-02-13,315.02,324.19,312.51,323.66,4560231
1289,2018-02-14,320.84,326.17,318.52,322.31,3950743
1290,2018-02-15,324.5,334.12,322.4,334.06,5912917
1291,2018-02-16,332.5,343.12,331.64,335.49,5642637
1292,2018-02-20,334.47,340.84,331.5,334.77,3998948
